{"(6.000000,8.000000,6.000000,8.000000)":4.123264,"(6.000000,8.000000,0.000000,2.000000)":0.107639,"(6.000000,8.000000,4.000000,6.000000)":2.119792,"(6.000000,8.000000,2.000000,4.000000)":0.729167,"(8.000000,10.000000,2.000000,4.000000)":0.850694,"(4.000000,6.000000,8.000000,10.000000)":6.480902,"(6.000000,8.000000,8.000000,10.000000)":6.432291,"(2.000000,4.000000,8.000000,10.000000)":6.562499,"(4.000000,6.000000,6.000000,8.000000)":4.003472,"(0.000000,2.000000,0.000000,2.000000)":0.118056,"(8.000000,10.000000,4.000000,6.000000)":2.031250,"(4.000000,6.000000,4.000000,6.000000)":2.121528,"(0.000000,2.000000,2.000000,4.000000)":0.767361,"(8.000000,10.000000,0.000000,2.000000)":0.100694,"(0.000000,2.000000,4.000000,6.000000)":2.149305,"(2.000000,4.000000,6.000000,8.000000)":3.940972,"(0.000000,2.000000,8.000000,10.000000)":6.399305,"(8.000000,10.000000,6.000000,8.000000)":4.038194,"(0.000000,2.000000,6.000000,8.000000)":3.883681,"(2.000000,4.000000,2.000000,4.000000)":0.831598,"(2.000000,4.000000,4.000000,6.000000)":2.156250,"(4.000000,6.000000,0.000000,2.000000)":0.102431,"(2.000000,4.000000,0.000000,2.000000)":0.114584,"(8.000000,10.000000,8.000000,10.000000)":6.685763,"(4.000000,6.000000,2.000000,4.000000)":0.715278}