{"(8.181818,9.090909,9.090909,10.000000)":5.319149,"(6.363636,7.272727,3.636364,4.545455)":1.893617,"(0.000000,0.909091,4.545455,5.454545)":1.255319,"(2.727273,3.636364,2.727273,3.636364)":1.787234,"(0.909091,1.818182,3.636364,4.545455)":1.914894,"(0.909091,1.818182,0.000000,0.909091)":1.531915,"(6.363636,7.272727,4.545455,5.454545)":2.297872,"(8.181818,9.090909,6.363636,7.272727)":3.085106,"(8.181818,9.090909,7.272727,8.181818)":3.851064,"(7.272727,8.181818,3.636364,4.545455)":1.531915,"(5.454545,6.363636,9.090909,10.000000)":5.319149,"(0.000000,0.909091,0.909091,1.818182)":1.638298,"(2.727273,3.636364,6.363636,7.272727)":3.382979,"(6.363636,7.272727,2.727273,3.636364)":1.574468,"(0.909091,1.818182,1.818182,2.727273)":1.574468,"(3.636364,4.545455,0.000000,0.909091)":0.680851,"(8.181818,9.090909,4.545455,5.454545)":1.680851,"(6.363636,7.272727,6.363636,7.272727)":3.617021,"(7.272727,8.181818,6.363636,7.272727)":3.574468,"(2.727273,3.636364,7.272727,8.181818)":3.106383,"(2.727273,3.636364,3.636364,4.545455)":2.468085,"(8.181818,9.090909,0.909091,1.818182)":0.234043,"(9.090909,10.000000,4.545455,5.454545)":1.851064,"(9.090909,10.000000,1.818182,2.727273)":0.425532,"(8.181818,9.090909,3.636364,4.545455)":1.276596,"(4.545455,5.454545,0.909091,1.818182)":1.255319,"(4.545455,5.454545,3.636364,4.545455)":2.255319,"(9.090909,10.000000,8.181818,9.090909)":4.148936,"(6.363636,7.272727,0.909091,1.818182)":0.531915,"(9.090909,10.000000,0.909091,1.818182)":0.212766,"(8.181818,9.090909,0.000000,0.909091)":0.127660,"(0.909091,1.818182,6.363636,7.272727)":2.276596,"(7.272727,8.181818,7.272727,8.181818)":3.680851,"(0.909091,1.818182,9.090909,10.000000)":3.893617,"(0.909091,1.818182,4.545455,5.454545)":1.957447,"(2.727273,3.636364,4.545455,5.454545)":2.787234,"(7.272727,8.181818,2.727273,3.636364)":1.042553,"(2.727273,3.636364,5.454545,6.363636)":2.361702,"(5.454545,6.363636,5.454545,6.363636)":3.446809,"(1.818182,2.727273,6.363636,7.272727)":2.042553,"(0.909091,1.818182,2.727273,3.636364)":1.638298,"(0.000000,0.909091,0.000000,0.909091)":1.361702,"(3.636364,4.545455,8.181818,9.090909)":3.446809,"(4.545455,5.454545,7.272727,8.181818)":3.510638,"(0.000000,0.909091,2.727273,3.636364)":1.319149,"(1.818182,2.727273,3.636364,4.545455)":2.106383,"(0.909091,1.818182,7.272727,8.181818)":2.829787,"(0.000000,0.909091,9.090909,10.000000)":3.617021,"(4.545455,5.454545,2.727273,3.636364)":1.744681,"(3.636364,4.545455,6.363636,7.272727)":2.787234,"(7.272727,8.181818,0.000000,0.909091)":0.212766,"(6.363636,7.272727,1.818182,2.727273)":1.170213,"(1.818182,2.727273,2.727273,3.636364)":1.787234,"(1.818182,2.727273,8.181818,9.090909)":3.446809,"(0.000000,0.909091,7.272727,8.181818)":2.574468,"(2.727273,3.636364,8.181818,9.090909)":3.553191,"(0.909091,1.818182,5.454545,6.363636)":2.404255,"(0.000000,0.909091,3.636364,4.545455)":1.553191,"(3.636364,4.545455,4.545455,5.454545)":2.340426,"(9.090909,10.000000,6.363636,7.272727)":3.297872,"(4.545455,5.454545,9.090909,10.000000)":4.255319,"(1.818182,2.727273,1.818182,2.727273)":1.723404,"(0.000000,0.909091,8.181818,9.090909)":3.255319,"(0.000000,0.909091,5.454545,6.363636)":1.659574,"(2.727273,3.636364,9.090909,10.000000)":3.531915,"(7.272727,8.181818,8.181818,9.090909)":4.702128,"(4.545455,5.454545,0.000000,0.909091)":0.659574,"(3.636364,4.545455,3.636364,4.545455)":2.510638,"(6.363636,7.272727,8.181818,9.090909)":4.553191,"(5.454545,6.363636,6.363636,7.272727)":3.489362,"(5.454545,6.363636,1.818182,2.727273)":1.340426,"(1.818182,2.727273,9.090909,10.000000)":3.936170,"(6.363636,7.272727,0.000000,0.909091)":0.404255,"(8.181818,9.090909,1.818182,2.727273)":0.574468,"(1.818182,2.727273,0.909091,1.818182)":1.680851,"(9.090909,10.000000,7.272727,8.181818)":3.808511,"(3.636364,4.545455,1.818182,2.727273)":1.723404,"(0.909091,1.818182,8.181818,9.090909)":3.085106,"(8.181818,9.090909,8.181818,9.090909)":4.127660,"(5.454545,6.363636,0.000000,0.909091)":0.446809,"(9.090909,10.000000,0.000000,0.909091)":0.042553,"(9.090909,10.000000,3.636364,4.545455)":1.446809,"(5.454545,6.363636,7.272727,8.181818)":3.893617,"(4.545455,5.454545,4.545455,5.454545)":2.595745,"(1.818182,2.727273,7.272727,8.181818)":2.531915,"(0.000000,0.909091,1.818182,2.727273)":1.744681,"(6.363636,7.272727,7.272727,8.181818)":4.723404,"(2.727273,3.636364,0.909091,1.818182)":1.170213,"(9.090909,10.000000,2.727273,3.636364)":0.893617,"(3.636364,4.545455,0.909091,1.818182)":1.340426,"(7.272727,8.181818,4.545455,5.454545)":2.042553,"(0.909091,1.818182,0.909091,1.818182)":1.468085,"(5.454545,6.363636,0.909091,1.818182)":0.787234,"(5.454545,6.363636,8.181818,9.090909)":4.595745,"(4.545455,5.454545,8.181818,9.090909)":3.914894,"(2.727273,3.636364,1.818182,2.727273)":1.808511,"(7.272727,8.181818,5.454545,6.363636)":2.042553,"(8.181818,9.090909,2.727273,3.636364)":0.808511,"(4.545455,5.454545,1.818182,2.727273)":1.191489,"(1.818182,2.727273,4.545455,5.454545)":2.085106,"(7.272727,8.181818,0.909091,1.818182)":0.404255,"(3.636364,4.545455,2.727273,3.636364)":1.914894,"(5.454545,6.363636,4.545455,5.454545)":2.914894,"(6.363636,7.272727,5.454545,6.363636)":2.765957,"(8.181818,9.090909,5.454545,6.363636)":2.595745,"(1.818182,2.727273,5.454545,6.363636)":2.212766,"(7.272727,8.181818,9.090909,10.000000)":5.340426,"(1.818182,2.727273,0.000000,0.909091)":1.297872,"(5.454545,6.363636,3.636364,4.545455)":1.914894,"(6.363636,7.272727,9.090909,10.000000)":4.851064,"(4.545455,5.454545,5.454545,6.363636)":2.702128,"(9.090909,10.000000,5.454545,6.363636)":2.191489,"(3.636364,4.545455,7.272727,8.181818)":3.659574,"(4.545455,5.454545,6.363636,7.272727)":3.234043,"(3.636364,4.545455,9.090909,10.000000)":3.872340,"(0.000000,0.909091,6.363636,7.272727)":2.127660,"(7.272727,8.181818,1.818182,2.727273)":0.851064,"(5.454545,6.363636,2.727273,3.636364)":1.446809,"(3.636364,4.545455,5.454545,6.363636)":2.829787,"(9.090909,10.000000,9.090909,10.000000)":5.063830,"(2.727273,3.636364,0.000000,0.909091)":1.000000}