{"(8.000000,10.000000,8.000000,10.000000)":2.905804,"(8.000000,10.000000,2.000000,4.000000)":0.679353,"(0.000000,2.000000,6.000000,8.000000)":0.757374,"(2.000000,4.000000,6.000000,8.000000)":1.560419,"(8.000000,10.000000,4.000000,6.000000)":1.538535,"(4.000000,6.000000,4.000000,6.000000)":2.950524,"(4.000000,6.000000,0.000000,2.000000)":1.434824,"(4.000000,6.000000,8.000000,10.000000)":1.524263,"(8.000000,10.000000,6.000000,8.000000)":2.457659,"(0.000000,2.000000,2.000000,4.000000)":2.365366,"(8.000000,10.000000,0.000000,2.000000)":0.198858,"(0.000000,2.000000,0.000000,2.000000)":2.812560,"(4.000000,6.000000,6.000000,8.000000)":2.414843,"(6.000000,8.000000,6.000000,8.000000)":2.901047,"(0.000000,2.000000,8.000000,10.000000)":0.235015,"(4.000000,6.000000,2.000000,4.000000)":2.443387,"(6.000000,8.000000,4.000000,6.000000)":2.534729,"(0.000000,2.000000,4.000000,6.000000)":1.530923,"(6.000000,8.000000,8.000000,10.000000)":2.378687,"(2.000000,4.000000,0.000000,2.000000)":2.372027,"(2.000000,4.000000,4.000000,6.000000)":2.522360,"(2.000000,4.000000,2.000000,4.000000)":2.872503,"(2.000000,4.000000,8.000000,10.000000)":0.711703,"(6.000000,8.000000,0.000000,2.000000)":0.710752,"(6.000000,8.000000,2.000000,4.000000)":1.511894}