{"(6.000000,8.000000,2.000000,4.000000)":1.511894,"(0.000000,2.000000,6.000000,8.000000)":0.757374,"(0.000000,2.000000,2.000000,4.000000)":2.365366,"(4.000000,6.000000,4.000000,6.000000)":2.950524,"(6.000000,8.000000,8.000000,10.000000)":2.378687,"(6.000000,8.000000,6.000000,8.000000)":2.901047,"(2.000000,4.000000,2.000000,4.000000)":2.872503,"(4.000000,6.000000,0.000000,2.000000)":1.434824,"(8.000000,10.000000,2.000000,4.000000)":0.679353,"(0.000000,2.000000,4.000000,6.000000)":1.530923,"(6.000000,8.000000,4.000000,6.000000)":2.534729,"(8.000000,10.000000,0.000000,2.000000)":0.198858,"(2.000000,4.000000,8.000000,10.000000)":0.711703,"(2.000000,4.000000,0.000000,2.000000)":2.372027,"(0.000000,2.000000,0.000000,2.000000)":2.812560,"(2.000000,4.000000,4.000000,6.000000)":2.522360,"(8.000000,10.000000,4.000000,6.000000)":1.538535,"(4.000000,6.000000,2.000000,4.000000)":2.443387,"(2.000000,4.000000,6.000000,8.000000)":1.560419,"(8.000000,10.000000,8.000000,10.000000)":2.905804,"(0.000000,2.000000,8.000000,10.000000)":0.235015,"(8.000000,10.000000,6.000000,8.000000)":2.457659,"(4.000000,6.000000,8.000000,10.000000)":1.524263,"(6.000000,8.000000,0.000000,2.000000)":0.710752,"(4.000000,6.000000,6.000000,8.000000)":2.414843}