{"(0.000000,1.428571,4.285714,5.714286)":3.309524,"(8.571429,10.000000,8.571429,10.000000)":7.238095,"(2.857143,4.285714,7.142857,8.571429)":3.333333,"(4.285714,5.714286,0.000000,1.428571)":3.785714,"(8.571429,10.000000,0.000000,1.428571)":0.333333,"(7.142857,8.571429,0.000000,1.428571)":1.023810,"(4.285714,5.714286,1.428571,2.857143)":5.714286,"(1.428571,2.857143,4.285714,5.714286)":5.428571,"(2.857143,4.285714,4.285714,5.714286)":6.333333,"(2.857143,4.285714,5.714286,7.142857)":5.880952,"(5.714286,7.142857,4.285714,5.714286)":6.095238,"(0.000000,1.428571,5.714286,7.142857)":1.595238,"(2.857143,4.285714,0.000000,1.428571)":4.880952,"(7.142857,8.571429,1.428571,2.857143)":2.071429,"(8.571429,10.000000,4.285714,5.714286)":3.619048,"(5.714286,7.142857,7.142857,8.571429)":7.666667,"(8.571429,10.000000,2.857143,4.285714)":1.880952,"(4.285714,5.714286,8.571429,10.000000)":3.928571,"(7.142857,8.571429,8.571429,10.000000)":6.976190,"(1.428571,2.857143,2.857143,4.285714)":6.428571,"(7.142857,8.571429,2.857143,4.285714)":3.523810,"(0.000000,1.428571,7.142857,8.571429)":0.761905,"(0.000000,1.428571,1.428571,2.857143)":6.642857,"(1.428571,2.857143,0.000000,1.428571)":6.928571,"(7.142857,8.571429,4.285714,5.714286)":5.404762,"(1.428571,2.857143,1.428571,2.857143)":7.142857,"(4.285714,5.714286,7.142857,8.571429)":4.952381,"(1.428571,2.857143,7.142857,8.571429)":1.809524,"(7.142857,8.571429,5.714286,7.142857)":5.952381,"(8.571429,10.000000,5.714286,7.142857)":5.714286,"(1.428571,2.857143,8.571429,10.000000)":0.833333,"(0.000000,1.428571,8.571429,10.000000)":0.428571,"(5.714286,7.142857,0.000000,1.428571)":1.785714,"(5.714286,7.142857,8.571429,10.000000)":5.119048,"(7.142857,8.571429,7.142857,8.571429)":7.261905,"(4.285714,5.714286,4.285714,5.714286)":6.952381,"(0.000000,1.428571,0.000000,1.428571)":7.023810,"(2.857143,4.285714,2.857143,4.285714)":7.642857,"(5.714286,7.142857,2.857143,4.285714)":5.547619,"(1.428571,2.857143,5.714286,7.142857)":3.404762,"(5.714286,7.142857,5.714286,7.142857)":7.333333,"(4.285714,5.714286,5.714286,7.142857)":7.023810,"(0.000000,1.428571,2.857143,4.285714)":5.238095,"(8.571429,10.000000,7.142857,8.571429)":6.619048,"(2.857143,4.285714,8.571429,10.000000)":1.761905,"(4.285714,5.714286,2.857143,4.285714)":6.642857,"(8.571429,10.000000,1.428571,2.857143)":0.761905,"(2.857143,4.285714,1.428571,2.857143)":6.738095,"(5.714286,7.142857,1.428571,2.857143)":3.523810}