{"(6.000000,8.000000,8.000000,10.000000)":2.378687,"(8.000000,10.000000,6.000000,8.000000)":2.457659,"(2.000000,4.000000,0.000000,2.000000)":2.372027,"(8.000000,10.000000,0.000000,2.000000)":0.198858,"(6.000000,8.000000,6.000000,8.000000)":2.901047,"(0.000000,2.000000,2.000000,4.000000)":2.365366,"(8.000000,10.000000,4.000000,6.000000)":1.538535,"(2.000000,4.000000,4.000000,6.000000)":2.522360,"(4.000000,6.000000,0.000000,2.000000)":1.434824,"(6.000000,8.000000,4.000000,6.000000)":2.534729,"(4.000000,6.000000,2.000000,4.000000)":2.443387,"(4.000000,6.000000,8.000000,10.000000)":1.524263,"(0.000000,2.000000,0.000000,2.000000)":2.812560,"(4.000000,6.000000,6.000000,8.000000)":2.414843,"(2.000000,4.000000,6.000000,8.000000)":1.560419,"(6.000000,8.000000,2.000000,4.000000)":1.511894,"(6.000000,8.000000,0.000000,2.000000)":0.710752,"(0.000000,2.000000,6.000000,8.000000)":0.757374,"(8.000000,10.000000,2.000000,4.000000)":0.679353,"(2.000000,4.000000,2.000000,4.000000)":2.872503,"(2.000000,4.000000,8.000000,10.000000)":0.711703,"(8.000000,10.000000,8.000000,10.000000)":2.905804,"(0.000000,2.000000,8.000000,10.000000)":0.235015,"(4.000000,6.000000,4.000000,6.000000)":2.950524,"(0.000000,2.000000,4.000000,6.000000)":1.530923}