{"(0.000000,2.000000,8.000000,10.000000)":0.235015,"(6.000000,8.000000,6.000000,8.000000)":2.901047,"(8.000000,10.000000,0.000000,2.000000)":0.198858,"(6.000000,8.000000,2.000000,4.000000)":1.511894,"(2.000000,4.000000,8.000000,10.000000)":0.711703,"(4.000000,6.000000,0.000000,2.000000)":1.434824,"(0.000000,2.000000,0.000000,2.000000)":2.812560,"(6.000000,8.000000,8.000000,10.000000)":2.378687,"(8.000000,10.000000,4.000000,6.000000)":1.538535,"(4.000000,6.000000,4.000000,6.000000)":2.950524,"(2.000000,4.000000,4.000000,6.000000)":2.522360,"(0.000000,2.000000,6.000000,8.000000)":0.757374,"(4.000000,6.000000,2.000000,4.000000)":2.443387,"(0.000000,2.000000,2.000000,4.000000)":2.365366,"(2.000000,4.000000,6.000000,8.000000)":1.560419,"(8.000000,10.000000,2.000000,4.000000)":0.679353,"(8.000000,10.000000,6.000000,8.000000)":2.457659,"(6.000000,8.000000,4.000000,6.000000)":2.534729,"(8.000000,10.000000,8.000000,10.000000)":2.905804,"(4.000000,6.000000,6.000000,8.000000)":2.414843,"(6.000000,8.000000,0.000000,2.000000)":0.710752,"(2.000000,4.000000,2.000000,4.000000)":2.872503,"(0.000000,2.000000,4.000000,6.000000)":1.530923,"(2.000000,4.000000,0.000000,2.000000)":2.372027,"(4.000000,6.000000,8.000000,10.000000)":1.524263}