{"(0.000000,2.000000,0.000000,2.000000)":0.102139,"(8.000000,10.000000,0.000000,2.000000)":0.107661,"(2.000000,4.000000,0.000000,2.000000)":0.117322,"(2.000000,4.000000,4.000000,6.000000)":2.054520,"(6.000000,8.000000,2.000000,4.000000)":0.747412,"(4.000000,6.000000,2.000000,4.000000)":0.759144,"(8.000000,10.000000,6.000000,8.000000)":3.956522,"(4.000000,6.000000,8.000000,10.000000)":6.757074,"(6.000000,8.000000,6.000000,8.000000)":3.962733,"(0.000000,2.000000,6.000000,8.000000)":3.982746,"(0.000000,2.000000,8.000000,10.000000)":6.564527,"(4.000000,6.000000,0.000000,2.000000)":0.095928,"(8.000000,10.000000,2.000000,4.000000)":0.767426,"(2.000000,4.000000,6.000000,8.000000)":3.928916,"(4.000000,6.000000,4.000000,6.000000)":2.046239,"(2.000000,4.000000,8.000000,10.000000)":6.570738,"(0.000000,2.000000,2.000000,4.000000)":0.726018,"(8.000000,10.000000,8.000000,10.000000)":6.501725,"(2.000000,4.000000,2.000000,4.000000)":0.728088,"(6.000000,8.000000,4.000000,6.000000)":1.992409,"(8.000000,10.000000,4.000000,6.000000)":2.060732,"(0.000000,2.000000,4.000000,6.000000)":2.027605,"(6.000000,8.000000,8.000000,10.000000)":6.633540,"(6.000000,8.000000,0.000000,2.000000)":0.106280,"(4.000000,6.000000,6.000000,8.000000)":3.967564}