{"(1.428571,2.857143,7.142857,8.571429)":12.736842,"(5.714286,7.142857,7.142857,8.571429)":12.421053,"(4.285714,5.714286,5.714286,7.142857)":9.052632,"(4.285714,5.714286,1.428571,2.857143)":1.087719,"(8.571429,10.000000,8.571429,10.000000)":17.333333,"(8.571429,10.000000,5.714286,7.142857)":8.122807,"(8.571429,10.000000,7.142857,8.571429)":13.052632,"(1.428571,2.857143,2.857143,4.285714)":2.491228,"(5.714286,7.142857,1.428571,2.857143)":1.000000,"(5.714286,7.142857,0.000000,1.428571)":0.087719,"(8.571429,10.000000,0.000000,1.428571)":0.192982,"(2.857143,4.285714,8.571429,10.000000)":18.807018,"(1.428571,2.857143,0.000000,1.428571)":0.052632,"(2.857143,4.285714,4.285714,5.714286)":5.350877,"(0.000000,1.428571,8.571429,10.000000)":18.228070,"(2.857143,4.285714,7.142857,8.571429)":12.140351,"(4.285714,5.714286,8.571429,10.000000)":17.578947,"(2.857143,4.285714,5.714286,7.142857)":7.754386,"(5.714286,7.142857,4.285714,5.714286)":5.877193,"(0.000000,1.428571,5.714286,7.142857)":9.105263,"(5.714286,7.142857,5.714286,7.142857)":8.789474,"(2.857143,4.285714,1.428571,2.857143)":1.263158,"(4.285714,5.714286,0.000000,1.428571)":0.122807,"(4.285714,5.714286,4.285714,5.714286)":5.228070,"(8.571429,10.000000,2.857143,4.285714)":2.859649,"(1.428571,2.857143,1.428571,2.857143)":0.894737,"(7.142857,8.571429,4.285714,5.714286)":5.035088,"(7.142857,8.571429,1.428571,2.857143)":1.087719,"(1.428571,2.857143,8.571429,10.000000)":17.508772,"(1.428571,2.857143,4.285714,5.714286)":5.105263,"(4.285714,5.714286,2.857143,4.285714)":2.210526,"(8.571429,10.000000,4.285714,5.714286)":5.719298,"(0.000000,1.428571,0.000000,1.428571)":0.122807,"(0.000000,1.428571,1.428571,2.857143)":0.947368,"(0.000000,1.428571,4.285714,5.714286)":5.280702,"(7.142857,8.571429,7.142857,8.571429)":13.228070,"(2.857143,4.285714,0.000000,1.428571)":0.070175,"(1.428571,2.857143,5.714286,7.142857)":8.438596,"(5.714286,7.142857,8.571429,10.000000)":18.315789,"(0.000000,1.428571,7.142857,8.571429)":12.631579,"(0.000000,1.428571,2.857143,4.285714)":2.736842,"(4.285714,5.714286,7.142857,8.571429)":13.140351,"(5.714286,7.142857,2.857143,4.285714)":2.736842,"(7.142857,8.571429,0.000000,1.428571)":0.157895,"(7.142857,8.571429,2.857143,4.285714)":2.596491,"(7.142857,8.571429,5.714286,7.142857)":8.438596,"(8.571429,10.000000,1.428571,2.857143)":1.122807,"(2.857143,4.285714,2.857143,4.285714)":2.473684,"(7.142857,8.571429,8.571429,10.000000)":17.649123}