{"(0.000000,1.428571,1.428571,2.857143)":0.947368,"(1.428571,2.857143,7.142857,8.571429)":12.736842,"(1.428571,2.857143,0.000000,1.428571)":0.052632,"(4.285714,5.714286,2.857143,4.285714)":2.210526,"(7.142857,8.571429,7.142857,8.571429)":13.228070,"(2.857143,4.285714,2.857143,4.285714)":2.473684,"(5.714286,7.142857,4.285714,5.714286)":5.877193,"(7.142857,8.571429,1.428571,2.857143)":1.087719,"(1.428571,2.857143,4.285714,5.714286)":5.105263,"(8.571429,10.000000,5.714286,7.142857)":8.122807,"(5.714286,7.142857,7.142857,8.571429)":12.421053,"(0.000000,1.428571,0.000000,1.428571)":0.122807,"(4.285714,5.714286,0.000000,1.428571)":0.122807,"(8.571429,10.000000,7.142857,8.571429)":13.052632,"(5.714286,7.142857,2.857143,4.285714)":2.736842,"(1.428571,2.857143,8.571429,10.000000)":17.508772,"(8.571429,10.000000,2.857143,4.285714)":2.859649,"(0.000000,1.428571,2.857143,4.285714)":2.736842,"(4.285714,5.714286,7.142857,8.571429)":13.140351,"(2.857143,4.285714,8.571429,10.000000)":18.807018,"(8.571429,10.000000,8.571429,10.000000)":17.333333,"(7.142857,8.571429,0.000000,1.428571)":0.157895,"(4.285714,5.714286,1.428571,2.857143)":1.087719,"(1.428571,2.857143,5.714286,7.142857)":8.438596,"(5.714286,7.142857,8.571429,10.000000)":18.315789,"(5.714286,7.142857,5.714286,7.142857)":8.789474,"(0.000000,1.428571,8.571429,10.000000)":18.228070,"(4.285714,5.714286,8.571429,10.000000)":17.578947,"(7.142857,8.571429,8.571429,10.000000)":17.649123,"(5.714286,7.142857,1.428571,2.857143)":1.000000,"(8.571429,10.000000,0.000000,1.428571)":0.192982,"(1.428571,2.857143,2.857143,4.285714)":2.491228,"(7.142857,8.571429,5.714286,7.142857)":8.438596,"(0.000000,1.428571,4.285714,5.714286)":5.280702,"(7.142857,8.571429,2.857143,4.285714)":2.596491,"(8.571429,10.000000,1.428571,2.857143)":1.122807,"(8.571429,10.000000,4.285714,5.714286)":5.719298,"(4.285714,5.714286,4.285714,5.714286)":5.228070,"(2.857143,4.285714,5.714286,7.142857)":7.754386,"(0.000000,1.428571,5.714286,7.142857)":9.105263,"(2.857143,4.285714,4.285714,5.714286)":5.350877,"(4.285714,5.714286,5.714286,7.142857)":9.052632,"(2.857143,4.285714,7.142857,8.571429)":12.140351,"(1.428571,2.857143,1.428571,2.857143)":0.894737,"(2.857143,4.285714,0.000000,1.428571)":0.070175,"(0.000000,1.428571,7.142857,8.571429)":12.631579,"(2.857143,4.285714,1.428571,2.857143)":1.263158,"(7.142857,8.571429,4.285714,5.714286)":5.035088,"(5.714286,7.142857,0.000000,1.428571)":0.087719}