{"(2.000000,4.000000,8.000000,10.000000)":0.698068,"(0.000000,2.000000,8.000000,10.000000)":0.227053,"(2.000000,4.000000,0.000000,2.000000)":2.463768,"(2.000000,4.000000,2.000000,4.000000)":2.913043,"(4.000000,6.000000,2.000000,4.000000)":2.386474,"(8.000000,10.000000,8.000000,10.000000)":2.818840,"(6.000000,8.000000,2.000000,4.000000)":1.582126,"(4.000000,6.000000,8.000000,10.000000)":1.429951,"(8.000000,10.000000,6.000000,8.000000)":2.502416,"(8.000000,10.000000,2.000000,4.000000)":0.729469,"(0.000000,2.000000,4.000000,6.000000)":1.531401,"(4.000000,6.000000,6.000000,8.000000)":2.371981,"(6.000000,8.000000,4.000000,6.000000)":2.492754,"(0.000000,2.000000,2.000000,4.000000)":2.439614,"(6.000000,8.000000,8.000000,10.000000)":2.347826,"(4.000000,6.000000,0.000000,2.000000)":1.446860,"(0.000000,2.000000,6.000000,8.000000)":0.707728,"(6.000000,8.000000,0.000000,2.000000)":0.722222,"(8.000000,10.000000,4.000000,6.000000)":1.637681,"(2.000000,4.000000,6.000000,8.000000)":1.490338,"(0.000000,2.000000,0.000000,2.000000)":2.775363,"(4.000000,6.000000,4.000000,6.000000)":2.857488,"(6.000000,8.000000,6.000000,8.000000)":2.821256,"(8.000000,10.000000,0.000000,2.000000)":0.231884,"(2.000000,4.000000,4.000000,6.000000)":2.526570}