{"(0.000000,2.000000,0.000000,2.000000)":2.812560,"(4.000000,6.000000,4.000000,6.000000)":2.950524,"(6.000000,8.000000,0.000000,2.000000)":0.710752,"(2.000000,4.000000,2.000000,4.000000)":2.872503,"(0.000000,2.000000,6.000000,8.000000)":0.757374,"(0.000000,2.000000,4.000000,6.000000)":1.530923,"(0.000000,2.000000,2.000000,4.000000)":2.365366,"(2.000000,4.000000,0.000000,2.000000)":2.372027,"(6.000000,8.000000,2.000000,4.000000)":1.511894,"(4.000000,6.000000,6.000000,8.000000)":2.414843,"(4.000000,6.000000,8.000000,10.000000)":1.524263,"(0.000000,2.000000,8.000000,10.000000)":0.235015,"(4.000000,6.000000,0.000000,2.000000)":1.434824,"(4.000000,6.000000,2.000000,4.000000)":2.443387,"(8.000000,10.000000,0.000000,2.000000)":0.198858,"(8.000000,10.000000,8.000000,10.000000)":2.905804,"(2.000000,4.000000,6.000000,8.000000)":1.560419,"(2.000000,4.000000,4.000000,6.000000)":2.522360,"(8.000000,10.000000,2.000000,4.000000)":0.679353,"(2.000000,4.000000,8.000000,10.000000)":0.711703,"(8.000000,10.000000,4.000000,6.000000)":1.538535,"(6.000000,8.000000,8.000000,10.000000)":2.378687,"(6.000000,8.000000,4.000000,6.000000)":2.534729,"(8.000000,10.000000,6.000000,8.000000)":2.457659,"(6.000000,8.000000,6.000000,8.000000)":2.901047}