{"(4.000000,6.000000,8.000000,10.000000)":1.524263,"(6.000000,8.000000,8.000000,10.000000)":2.378687,"(4.000000,6.000000,6.000000,8.000000)":2.414843,"(0.000000,2.000000,4.000000,6.000000)":1.530923,"(6.000000,8.000000,4.000000,6.000000)":2.534729,"(0.000000,2.000000,6.000000,8.000000)":0.757374,"(6.000000,8.000000,0.000000,2.000000)":0.710752,"(8.000000,10.000000,2.000000,4.000000)":0.679353,"(0.000000,2.000000,8.000000,10.000000)":0.235015,"(2.000000,4.000000,4.000000,6.000000)":2.522360,"(4.000000,6.000000,2.000000,4.000000)":2.443387,"(8.000000,10.000000,4.000000,6.000000)":1.538535,"(2.000000,4.000000,8.000000,10.000000)":0.711703,"(0.000000,2.000000,2.000000,4.000000)":2.365366,"(2.000000,4.000000,6.000000,8.000000)":1.560419,"(6.000000,8.000000,2.000000,4.000000)":1.511894,"(8.000000,10.000000,8.000000,10.000000)":2.905804,"(4.000000,6.000000,4.000000,6.000000)":2.950524,"(0.000000,2.000000,0.000000,2.000000)":2.812560,"(2.000000,4.000000,2.000000,4.000000)":2.872503,"(4.000000,6.000000,0.000000,2.000000)":1.434824,"(8.000000,10.000000,0.000000,2.000000)":0.198858,"(6.000000,8.000000,6.000000,8.000000)":2.901047,"(8.000000,10.000000,6.000000,8.000000)":2.457659,"(2.000000,4.000000,0.000000,2.000000)":2.372027}