{"(4.000000,6.000000,2.000000,4.000000)":0.759144,"(2.000000,4.000000,6.000000,8.000000)":3.928916,"(6.000000,8.000000,0.000000,2.000000)":0.106280,"(8.000000,10.000000,2.000000,4.000000)":0.767426,"(4.000000,6.000000,0.000000,2.000000)":0.095928,"(2.000000,4.000000,8.000000,10.000000)":6.570738,"(0.000000,2.000000,8.000000,10.000000)":6.564527,"(6.000000,8.000000,4.000000,6.000000)":1.992409,"(6.000000,8.000000,2.000000,4.000000)":0.747412,"(8.000000,10.000000,4.000000,6.000000)":2.060732,"(8.000000,10.000000,6.000000,8.000000)":3.956522,"(2.000000,4.000000,4.000000,6.000000)":2.054520,"(4.000000,6.000000,8.000000,10.000000)":6.757074,"(0.000000,2.000000,4.000000,6.000000)":2.027605,"(8.000000,10.000000,8.000000,10.000000)":6.501725,"(2.000000,4.000000,0.000000,2.000000)":0.117322,"(4.000000,6.000000,4.000000,6.000000)":2.046239,"(8.000000,10.000000,0.000000,2.000000)":0.107661,"(2.000000,4.000000,2.000000,4.000000)":0.728088,"(6.000000,8.000000,8.000000,10.000000)":6.633540,"(0.000000,2.000000,6.000000,8.000000)":3.982746,"(0.000000,2.000000,0.000000,2.000000)":0.102139,"(6.000000,8.000000,6.000000,8.000000)":3.962733,"(4.000000,6.000000,6.000000,8.000000)":3.967564,"(0.000000,2.000000,2.000000,4.000000)":0.726018}