{"(8.000000,10.000000,2.000000,4.000000)":0.679353,"(8.000000,10.000000,6.000000,8.000000)":2.457659,"(6.000000,8.000000,8.000000,10.000000)":2.378687,"(0.000000,2.000000,2.000000,4.000000)":2.365366,"(0.000000,2.000000,0.000000,2.000000)":2.812560,"(2.000000,4.000000,8.000000,10.000000)":0.711703,"(0.000000,2.000000,8.000000,10.000000)":0.235015,"(4.000000,6.000000,4.000000,6.000000)":2.950524,"(6.000000,8.000000,2.000000,4.000000)":1.511894,"(6.000000,8.000000,4.000000,6.000000)":2.534729,"(4.000000,6.000000,0.000000,2.000000)":1.434824,"(0.000000,2.000000,4.000000,6.000000)":1.530923,"(4.000000,6.000000,8.000000,10.000000)":1.524263,"(8.000000,10.000000,0.000000,2.000000)":0.198858,"(4.000000,6.000000,6.000000,8.000000)":2.414843,"(2.000000,4.000000,4.000000,6.000000)":2.522360,"(2.000000,4.000000,0.000000,2.000000)":2.372027,"(8.000000,10.000000,8.000000,10.000000)":2.905804,"(2.000000,4.000000,6.000000,8.000000)":1.560419,"(6.000000,8.000000,0.000000,2.000000)":0.710752,"(6.000000,8.000000,6.000000,8.000000)":2.901047,"(2.000000,4.000000,2.000000,4.000000)":2.872503,"(8.000000,10.000000,4.000000,6.000000)":1.538535,"(0.000000,2.000000,6.000000,8.000000)":0.757374,"(4.000000,6.000000,2.000000,4.000000)":2.443387}