{"(4.000000,6.000000,8.000000,10.000000)":6.757074,"(4.000000,6.000000,4.000000,6.000000)":2.046239,"(0.000000,2.000000,2.000000,4.000000)":0.726018,"(2.000000,4.000000,6.000000,8.000000)":3.928916,"(4.000000,6.000000,0.000000,2.000000)":0.095928,"(0.000000,2.000000,8.000000,10.000000)":6.564527,"(0.000000,2.000000,4.000000,6.000000)":2.027605,"(6.000000,8.000000,4.000000,6.000000)":1.992409,"(8.000000,10.000000,8.000000,10.000000)":6.501725,"(4.000000,6.000000,2.000000,4.000000)":0.759144,"(4.000000,6.000000,6.000000,8.000000)":3.967564,"(8.000000,10.000000,0.000000,2.000000)":0.107661,"(2.000000,4.000000,0.000000,2.000000)":0.117322,"(8.000000,10.000000,6.000000,8.000000)":3.956522,"(6.000000,8.000000,2.000000,4.000000)":0.747412,"(2.000000,4.000000,2.000000,4.000000)":0.728088,"(8.000000,10.000000,4.000000,6.000000)":2.060732,"(8.000000,10.000000,2.000000,4.000000)":0.767426,"(0.000000,2.000000,0.000000,2.000000)":0.102139,"(6.000000,8.000000,6.000000,8.000000)":3.962733,"(0.000000,2.000000,6.000000,8.000000)":3.982746,"(6.000000,8.000000,8.000000,10.000000)":6.633540,"(6.000000,8.000000,0.000000,2.000000)":0.106280,"(2.000000,4.000000,8.000000,10.000000)":6.570738,"(2.000000,4.000000,4.000000,6.000000)":2.054520}