{"(6.000000,8.000000,0.000000,2.000000)":0.106280,"(4.000000,6.000000,6.000000,8.000000)":3.967564,"(8.000000,10.000000,4.000000,6.000000)":2.060732,"(4.000000,6.000000,0.000000,2.000000)":0.095928,"(8.000000,10.000000,8.000000,10.000000)":6.501725,"(4.000000,6.000000,8.000000,10.000000)":6.757074,"(6.000000,8.000000,8.000000,10.000000)":6.633540,"(0.000000,2.000000,6.000000,8.000000)":3.982746,"(0.000000,2.000000,2.000000,4.000000)":0.726018,"(2.000000,4.000000,6.000000,8.000000)":3.928916,"(4.000000,6.000000,4.000000,6.000000)":2.046239,"(6.000000,8.000000,6.000000,8.000000)":3.962733,"(8.000000,10.000000,6.000000,8.000000)":3.956522,"(6.000000,8.000000,4.000000,6.000000)":1.992409,"(4.000000,6.000000,2.000000,4.000000)":0.759144,"(2.000000,4.000000,0.000000,2.000000)":0.117322,"(0.000000,2.000000,0.000000,2.000000)":0.102139,"(2.000000,4.000000,4.000000,6.000000)":2.054520,"(0.000000,2.000000,8.000000,10.000000)":6.564527,"(8.000000,10.000000,2.000000,4.000000)":0.767426,"(2.000000,4.000000,2.000000,4.000000)":0.728088,"(2.000000,4.000000,8.000000,10.000000)":6.570738,"(8.000000,10.000000,0.000000,2.000000)":0.107661,"(6.000000,8.000000,2.000000,4.000000)":0.747412,"(0.000000,2.000000,4.000000,6.000000)":2.027605}