{"(6.000000,8.000000,8.000000,10.000000)":6.633540,"(8.000000,10.000000,4.000000,6.000000)":2.060732,"(6.000000,8.000000,0.000000,2.000000)":0.106280,"(2.000000,4.000000,6.000000,8.000000)":3.928916,"(4.000000,6.000000,6.000000,8.000000)":3.967564,"(0.000000,2.000000,0.000000,2.000000)":0.102139,"(0.000000,2.000000,8.000000,10.000000)":6.564527,"(4.000000,6.000000,2.000000,4.000000)":0.759144,"(2.000000,4.000000,2.000000,4.000000)":0.728088,"(4.000000,6.000000,0.000000,2.000000)":0.095928,"(6.000000,8.000000,2.000000,4.000000)":0.747412,"(6.000000,8.000000,4.000000,6.000000)":1.992409,"(0.000000,2.000000,4.000000,6.000000)":2.027605,"(6.000000,8.000000,6.000000,8.000000)":3.962733,"(0.000000,2.000000,2.000000,4.000000)":0.726018,"(8.000000,10.000000,2.000000,4.000000)":0.767426,"(2.000000,4.000000,4.000000,6.000000)":2.054520,"(8.000000,10.000000,6.000000,8.000000)":3.956522,"(0.000000,2.000000,6.000000,8.000000)":3.982746,"(2.000000,4.000000,8.000000,10.000000)":6.570738,"(2.000000,4.000000,0.000000,2.000000)":0.117322,"(4.000000,6.000000,4.000000,6.000000)":2.046239,"(8.000000,10.000000,0.000000,2.000000)":0.107661,"(8.000000,10.000000,8.000000,10.000000)":6.501725,"(4.000000,6.000000,8.000000,10.000000)":6.757074}