{"(2.000000,4.000000,0.000000,2.000000)":0.117322,"(0.000000,2.000000,4.000000,6.000000)":2.027605,"(0.000000,2.000000,6.000000,8.000000)":3.982746,"(4.000000,6.000000,6.000000,8.000000)":3.967564,"(0.000000,2.000000,2.000000,4.000000)":0.726018,"(6.000000,8.000000,8.000000,10.000000)":6.633540,"(6.000000,8.000000,2.000000,4.000000)":0.747412,"(0.000000,2.000000,8.000000,10.000000)":6.564527,"(2.000000,4.000000,4.000000,6.000000)":2.054520,"(4.000000,6.000000,8.000000,10.000000)":6.757074,"(6.000000,8.000000,6.000000,8.000000)":3.962733,"(8.000000,10.000000,2.000000,4.000000)":0.767426,"(2.000000,4.000000,6.000000,8.000000)":3.928916,"(4.000000,6.000000,4.000000,6.000000)":2.046239,"(6.000000,8.000000,0.000000,2.000000)":0.106280,"(2.000000,4.000000,8.000000,10.000000)":6.570738,"(4.000000,6.000000,2.000000,4.000000)":0.759144,"(0.000000,2.000000,0.000000,2.000000)":0.102139,"(8.000000,10.000000,0.000000,2.000000)":0.107661,"(8.000000,10.000000,4.000000,6.000000)":2.060732,"(2.000000,4.000000,2.000000,4.000000)":0.728088,"(6.000000,8.000000,4.000000,6.000000)":1.992409,"(4.000000,6.000000,0.000000,2.000000)":0.095928,"(8.000000,10.000000,8.000000,10.000000)":6.501725,"(8.000000,10.000000,6.000000,8.000000)":3.956522}