{"(0.909091,1.818182,3.636364,4.545455)":1.000000,"(0.000000,0.909091,2.727273,3.636364)":2.500000,"(5.454545,6.363636,5.454545,6.363636)":3.000000,"(8.181818,9.090909,2.727273,3.636364)":0.500000,"(2.727273,3.636364,4.545455,5.454545)":2.500000,"(2.727273,3.636364,7.272727,8.181818)":3.000000,"(2.727273,3.636364,5.454545,6.363636)":1.500000,"(0.000000,0.909091,3.636364,4.545455)":3.000000,"(4.545455,5.454545,2.727273,3.636364)":1.500000,"(3.636364,4.545455,3.636364,4.545455)":0.500000,"(9.090909,10.000000,0.909091,1.818182)":0.000000,"(9.090909,10.000000,5.454545,6.363636)":1.000000,"(8.181818,9.090909,9.090909,10.000000)":11.500000,"(7.272727,8.181818,7.272727,8.181818)":7.000000,"(0.000000,0.909091,6.363636,7.272727)":1.000000,"(3.636364,4.545455,8.181818,9.090909)":3.500000,"(1.818182,2.727273,0.909091,1.818182)":2.500000,"(0.909091,1.818182,5.454545,6.363636)":2.500000,"(6.363636,7.272727,8.181818,9.090909)":3.000000,"(8.181818,9.090909,0.000000,0.909091)":0.000000,"(2.727273,3.636364,0.909091,1.818182)":1.000000,"(6.363636,7.272727,4.545455,5.454545)":0.000000,"(7.272727,8.181818,9.090909,10.000000)":7.000000,"(3.636364,4.545455,4.545455,5.454545)":4.500000,"(3.636364,4.545455,7.272727,8.181818)":4.500000,"(9.090909,10.000000,2.727273,3.636364)":0.500000,"(3.636364,4.545455,2.727273,3.636364)":2.000000,"(4.545455,5.454545,0.000000,0.909091)":0.000000,"(5.454545,6.363636,6.363636,7.272727)":3.500000,"(8.181818,9.090909,6.363636,7.272727)":2.000000,"(4.545455,5.454545,1.818182,2.727273)":1.500000,"(0.000000,0.909091,0.000000,0.909091)":1.500000,"(8.181818,9.090909,3.636364,4.545455)":2.000000,"(7.272727,8.181818,4.545455,5.454545)":0.500000,"(5.454545,6.363636,1.818182,2.727273)":0.500000,"(8.181818,9.090909,0.909091,1.818182)":0.000000,"(2.727273,3.636364,9.090909,10.000000)":4.500000,"(1.818182,2.727273,0.000000,0.909091)":2.500000,"(7.272727,8.181818,6.363636,7.272727)":5.000000,"(5.454545,6.363636,4.545455,5.454545)":4.000000,"(7.272727,8.181818,3.636364,4.545455)":1.000000,"(7.272727,8.181818,0.909091,1.818182)":0.500000,"(4.545455,5.454545,5.454545,6.363636)":3.000000,"(1.818182,2.727273,6.363636,7.272727)":2.500000,"(5.454545,6.363636,2.727273,3.636364)":1.000000,"(0.000000,0.909091,1.818182,2.727273)":0.000000,"(4.545455,5.454545,0.909091,1.818182)":0.500000,"(0.000000,0.909091,4.545455,5.454545)":2.000000,"(0.000000,0.909091,5.454545,6.363636)":4.000000,"(0.909091,1.818182,6.363636,7.272727)":4.500000,"(5.454545,6.363636,0.909091,1.818182)":0.000000,"(0.000000,0.909091,9.090909,10.000000)":0.500000,"(1.818182,2.727273,5.454545,6.363636)":0.500000,"(1.818182,2.727273,8.181818,9.090909)":6.000000,"(1.818182,2.727273,1.818182,2.727273)":2.000000,"(5.454545,6.363636,7.272727,8.181818)":3.500000,"(2.727273,3.636364,2.727273,3.636364)":1.000000,"(8.181818,9.090909,1.818182,2.727273)":1.000000,"(9.090909,10.000000,0.000000,0.909091)":0.000000,"(0.000000,0.909091,7.272727,8.181818)":5.500000,"(9.090909,10.000000,8.181818,9.090909)":5.500000,"(1.818182,2.727273,2.727273,3.636364)":1.500000,"(7.272727,8.181818,2.727273,3.636364)":1.000000,"(2.727273,3.636364,0.000000,0.909091)":1.000000,"(8.181818,9.090909,8.181818,9.090909)":3.500000,"(0.000000,0.909091,8.181818,9.090909)":1.000000,"(8.181818,9.090909,5.454545,6.363636)":4.000000,"(6.363636,7.272727,1.818182,2.727273)":1.000000,"(9.090909,10.000000,4.545455,5.454545)":1.500000,"(9.090909,10.000000,7.272727,8.181818)":4.000000,"(8.181818,9.090909,4.545455,5.454545)":1.500000,"(0.909091,1.818182,1.818182,2.727273)":3.500000,"(2.727273,3.636364,6.363636,7.272727)":1.500000,"(3.636364,4.545455,5.454545,6.363636)":1.000000,"(6.363636,7.272727,9.090909,10.000000)":4.000000,"(6.363636,7.272727,0.909091,1.818182)":0.000000,"(9.090909,10.000000,3.636364,4.545455)":2.000000,"(0.000000,0.909091,0.909091,1.818182)":2.500000,"(2.727273,3.636364,3.636364,4.545455)":1.500000,"(3.636364,4.545455,0.000000,0.909091)":1.000000,"(2.727273,3.636364,8.181818,9.090909)":2.000000,"(6.363636,7.272727,0.000000,0.909091)":0.000000,"(6.363636,7.272727,7.272727,8.181818)":7.000000,"(7.272727,8.181818,5.454545,6.363636)":3.500000,"(0.909091,1.818182,8.181818,9.090909)":4.000000,"(1.818182,2.727273,9.090909,10.000000)":2.000000,"(2.727273,3.636364,1.818182,2.727273)":0.500000,"(1.818182,2.727273,4.545455,5.454545)":3.000000,"(3.636364,4.545455,1.818182,2.727273)":3.500000,"(0.909091,1.818182,0.909091,1.818182)":0.500000,"(4.545455,5.454545,7.272727,8.181818)":1.000000,"(9.090909,10.000000,6.363636,7.272727)":4.000000,"(5.454545,6.363636,8.181818,9.090909)":4.500000,"(4.545455,5.454545,3.636364,4.545455)":1.000000,"(8.181818,9.090909,7.272727,8.181818)":3.000000,"(7.272727,8.181818,1.818182,2.727273)":0.500000,"(6.363636,7.272727,3.636364,4.545455)":2.000000,"(4.545455,5.454545,8.181818,9.090909)":4.500000,"(3.636364,4.545455,6.363636,7.272727)":3.000000,"(5.454545,6.363636,3.636364,4.545455)":4.000000,"(4.545455,5.454545,4.545455,5.454545)":3.000000,"(0.909091,1.818182,7.272727,8.181818)":2.000000,"(1.818182,2.727273,7.272727,8.181818)":1.500000,"(0.909091,1.818182,4.545455,5.454545)":1.500000,"(1.818182,2.727273,3.636364,4.545455)":2.000000,"(0.909091,1.818182,0.000000,0.909091)":1.000000,"(5.454545,6.363636,9.090909,10.000000)":6.500000,"(7.272727,8.181818,8.181818,9.090909)":5.500000,"(6.363636,7.272727,6.363636,7.272727)":4.500000,"(4.545455,5.454545,6.363636,7.272727)":2.000000,"(5.454545,6.363636,0.000000,0.909091)":0.000000,"(9.090909,10.000000,9.090909,10.000000)":4.500000,"(0.909091,1.818182,2.727273,3.636364)":3.000000,"(4.545455,5.454545,9.090909,10.000000)":4.500000,"(9.090909,10.000000,1.818182,2.727273)":0.500000,"(3.636364,4.545455,0.909091,1.818182)":0.500000,"(3.636364,4.545455,9.090909,10.000000)":4.500000,"(0.909091,1.818182,9.090909,10.000000)":4.500000,"(7.272727,8.181818,0.000000,0.909091)":0.500000,"(6.363636,7.272727,5.454545,6.363636)":3.500000,"(6.363636,7.272727,2.727273,3.636364)":1.000000}