{"(8.000000,10.000000,6.000000,8.000000)":3.956522,"(0.000000,2.000000,2.000000,4.000000)":0.726018,"(2.000000,4.000000,6.000000,8.000000)":3.928916,"(6.000000,8.000000,6.000000,8.000000)":3.962733,"(2.000000,4.000000,4.000000,6.000000)":2.054520,"(4.000000,6.000000,8.000000,10.000000)":6.757074,"(4.000000,6.000000,4.000000,6.000000)":2.046239,"(6.000000,8.000000,4.000000,6.000000)":1.992409,"(6.000000,8.000000,0.000000,2.000000)":0.106280,"(8.000000,10.000000,4.000000,6.000000)":2.060732,"(6.000000,8.000000,8.000000,10.000000)":6.633540,"(0.000000,2.000000,0.000000,2.000000)":0.102139,"(8.000000,10.000000,0.000000,2.000000)":0.107661,"(4.000000,6.000000,2.000000,4.000000)":0.759144,"(0.000000,2.000000,6.000000,8.000000)":3.982746,"(4.000000,6.000000,6.000000,8.000000)":3.967564,"(0.000000,2.000000,8.000000,10.000000)":6.564527,"(2.000000,4.000000,8.000000,10.000000)":6.570738,"(8.000000,10.000000,8.000000,10.000000)":6.501725,"(8.000000,10.000000,2.000000,4.000000)":0.767426,"(6.000000,8.000000,2.000000,4.000000)":0.747412,"(4.000000,6.000000,0.000000,2.000000)":0.095928,"(2.000000,4.000000,0.000000,2.000000)":0.117322,"(2.000000,4.000000,2.000000,4.000000)":0.728088,"(0.000000,2.000000,4.000000,6.000000)":2.027605}