{"(2.000000,4.000000,0.000000,2.000000)":2.430023,"(2.000000,4.000000,8.000000,10.000000)":0.691845,"(4.000000,6.000000,0.000000,2.000000)":1.512634,"(4.000000,6.000000,4.000000,6.000000)":2.861276,"(6.000000,8.000000,0.000000,2.000000)":0.686605,"(6.000000,8.000000,4.000000,6.000000)":2.443880,"(0.000000,2.000000,2.000000,4.000000)":2.430023,"(0.000000,2.000000,6.000000,8.000000)":0.686605,"(6.000000,8.000000,6.000000,8.000000)":2.861276,"(8.000000,10.000000,8.000000,10.000000)":2.861276,"(8.000000,10.000000,4.000000,6.000000)":1.522655,"(0.000000,2.000000,8.000000,10.000000)":0.227166,"(4.000000,6.000000,8.000000,10.000000)":1.522655,"(2.000000,4.000000,4.000000,6.000000)":2.443880,"(6.000000,8.000000,2.000000,4.000000)":1.522655,"(6.000000,8.000000,8.000000,10.000000)":2.443880,"(8.000000,10.000000,2.000000,4.000000)":0.691845,"(0.000000,2.000000,0.000000,2.000000)":2.833635,"(0.000000,2.000000,4.000000,6.000000)":1.512634,"(4.000000,6.000000,2.000000,4.000000)":2.443880,"(4.000000,6.000000,6.000000,8.000000)":2.443880,"(8.000000,10.000000,0.000000,2.000000)":0.227166,"(8.000000,10.000000,6.000000,8.000000)":2.443880,"(2.000000,4.000000,2.000000,4.000000)":2.861276,"(2.000000,4.000000,6.000000,8.000000)":1.522655}