{"(0.000000,2.000000,0.000000,2.000000)":0.106666,"(2.000000,4.000000,0.000000,2.000000)":0.107199,"(4.000000,6.000000,2.000000,4.000000)":0.756847,"(6.000000,8.000000,0.000000,2.000000)":0.107199,"(6.000000,8.000000,6.000000,8.000000)":3.992160,"(0.000000,2.000000,2.000000,4.000000)":0.753082,"(2.000000,4.000000,6.000000,8.000000)":3.992160,"(4.000000,6.000000,4.000000,6.000000)":2.051295,"(6.000000,8.000000,4.000000,6.000000)":2.051295,"(8.000000,10.000000,2.000000,4.000000)":0.756847,"(8.000000,10.000000,0.000000,2.000000)":0.107199,"(8.000000,10.000000,4.000000,6.000000)":2.051295,"(8.000000,10.000000,6.000000,8.000000)":3.992160,"(0.000000,2.000000,4.000000,6.000000)":2.041090,"(0.000000,2.000000,6.000000,8.000000)":3.972298,"(0.000000,2.000000,8.000000,10.000000)":6.546706,"(2.000000,4.000000,2.000000,4.000000)":0.756847,"(4.000000,6.000000,0.000000,2.000000)":0.107199,"(8.000000,10.000000,8.000000,10.000000)":6.579440,"(6.000000,8.000000,8.000000,10.000000)":6.579440,"(2.000000,4.000000,4.000000,6.000000)":2.051295,"(2.000000,4.000000,8.000000,10.000000)":6.579440,"(4.000000,6.000000,6.000000,8.000000)":3.992160,"(4.000000,6.000000,8.000000,10.000000)":6.579440,"(6.000000,8.000000,2.000000,4.000000)":0.756847}